{"cameraMode":{"drawMode":0,"name":"Shaded","section":"Shading Mode"},"sceneLighting":false,"audioPlay":false,"sceneViewState":{"showFog":false,"showMaterialUpdate":false,"showSkybox":false,"showFlares":false,"showImageEffects":false,"showParticleSystems":false},"in2DMode":false,"pivot":{"x":327.7710266113281,"y":8.835823059082032,"z":269.4057312011719},"rotation":{"x":-0.1298309713602066,"y":-0.8672256469726563,"z":0.29937270283699038,"w":-0.3761031925678253},"size":2.6522200107574465,"orthographic":false}