{"cameraMode":{"drawMode":0,"name":"Shaded","section":"Shading Mode"},"sceneLighting":false,"audioPlay":false,"sceneViewState":{"showFog":false,"showMaterialUpdate":false,"showSkybox":false,"showFlares":false,"showImageEffects":false,"showParticleSystems":false},"in2DMode":false,"pivot":{"x":62.21330261230469,"y":-79.63829040527344,"z":-136.47100830078126},"rotation":{"x":0.25276726484298708,"y":0.7223308086395264,"z":-0.3307216465473175,"w":0.5523055791854858},"size":12.5218505859375,"orthographic":false}