{"cameraMode":{"drawMode":0,"name":"Shaded","section":"Shading Mode"},"sceneLighting":false,"audioPlay":false,"sceneViewState":{"showFog":false,"showMaterialUpdate":false,"showSkybox":false,"showFlares":false,"showImageEffects":false,"showParticleSystems":false},"in2DMode":false,"pivot":{"x":208.8517303466797,"y":10.031845092773438,"z":254.25559997558595},"rotation":{"x":-0.07120511680841446,"y":0.2593642771244049,"z":-0.01917838118970394,"w":-0.9629603028297424},"size":1.212573766708374,"orthographic":false}