{"cameraMode":{"drawMode":0,"name":"Shaded","section":"Shading Mode"},"sceneLighting":false,"audioPlay":false,"sceneViewState":{"showFog":false,"showMaterialUpdate":false,"showSkybox":false,"showFlares":false,"showImageEffects":false,"showParticleSystems":false},"in2DMode":false,"pivot":{"x":0.003972478210926056,"y":0.1979999989271164,"z":0.00205935537815094},"rotation":{"x":0.31577280163764956,"y":0.012239286676049233,"z":-0.004074757918715477,"w":0.9487507343292236},"size":1.7503418922424317,"orthographic":false}