{"cameraMode":{"drawMode":0,"name":"Shaded","section":"Shading Mode"},"sceneLighting":false,"audioPlay":false,"sceneViewState":{"showFog":false,"showMaterialUpdate":false,"showSkybox":false,"showFlares":false,"showImageEffects":false,"showParticleSystems":false},"in2DMode":false,"pivot":{"x":326.38861083984377,"y":9.362210273742676,"z":238.1412811279297},"rotation":{"x":-0.2756623327732086,"y":-0.681779146194458,"z":0.3125964403152466,"w":-0.6012369394302368},"size":2.052220106124878,"orthographic":false}