{"cameraMode":{"drawMode":0,"name":"Shaded","section":"Shading Mode"},"sceneLighting":false,"audioPlay":false,"sceneViewState":{"showFog":false,"showMaterialUpdate":false,"showSkybox":false,"showFlares":false,"showImageEffects":false,"showParticleSystems":false},"in2DMode":false,"pivot":{"x":-2.5288217067718508,"y":2.3401029109954836,"z":-1.5495394468307496},"rotation":{"x":0.2789520025253296,"y":0.48247769474983218,"z":-0.1654839813709259,"w":0.8136879205703735},"size":6.199754238128662,"orthographic":false}