{"cameraMode":{"drawMode":0,"name":"Shaded","section":"Shading Mode"},"sceneLighting":false,"audioPlay":false,"sceneViewState":{"showFog":false,"showMaterialUpdate":false,"showSkybox":false,"showFlares":false,"showImageEffects":false,"showParticleSystems":false},"in2DMode":false,"pivot":{"x":343.0621032714844,"y":15.363409042358399,"z":312.9912109375},"rotation":{"x":-0.18957355618476869,"y":-0.7582330703735352,"z":0.2518576383590698,"w":-0.5707305073738098},"size":2.9117166996002199,"orthographic":false}