{"cameraMode":{"drawMode":0,"name":"Shaded","section":"Shading Mode"},"sceneLighting":false,"audioPlay":false,"sceneViewState":{"showFog":false,"showMaterialUpdate":false,"showSkybox":false,"showFlares":false,"showImageEffects":false,"showParticleSystems":false},"in2DMode":false,"pivot":{"x":369.1210632324219,"y":-218.51644897460938,"z":-194.19778442382813},"rotation":{"x":0.22528691589832307,"y":0.7533383965492249,"z":-0.3219381868839264,"w":0.527404248714447},"size":2.0327887535095217,"orthographic":false}