{"cameraMode":{"drawMode":0,"name":"Shaded","section":"Shading Mode"},"sceneLighting":false,"audioPlay":false,"sceneViewState":{"showFog":false,"showMaterialUpdate":false,"showSkybox":false,"showFlares":false,"showImageEffects":false,"showParticleSystems":false},"in2DMode":false,"pivot":{"x":0.7602307200431824,"y":0.8370729684829712,"z":-0.06889905035495758},"rotation":{"x":-0.12190806120634079,"y":-0.05624881386756897,"z":0.006922529079020023,"w":-0.9909253120422363},"size":2.8047189712524416,"orthographic":false}