{"cameraMode":{"drawMode":0,"name":"Shaded","section":"Shading Mode"},"sceneLighting":false,"audioPlay":false,"sceneViewState":{"showFog":false,"showMaterialUpdate":false,"showSkybox":false,"showFlares":false,"showImageEffects":false,"showParticleSystems":false},"in2DMode":false,"pivot":{"x":338.5890808105469,"y":20.033777236938478,"z":246.47006225585938},"rotation":{"x":0.0708962082862854,"y":-0.8109225034713745,"z":0.5720934867858887,"w":0.100493885576725},"size":39.646263122558597,"orthographic":false}