{"cameraMode":{"drawMode":0,"name":"Shaded","section":"Shading Mode"},"sceneLighting":false,"audioPlay":false,"sceneViewState":{"showFog":false,"showMaterialUpdate":false,"showSkybox":false,"showFlares":false,"showImageEffects":false,"showParticleSystems":false},"in2DMode":false,"pivot":{"x":393.5848388671875,"y":8.373772621154786,"z":311.2929382324219},"rotation":{"x":0.24033311009407044,"y":0.6410430669784546,"z":-0.22200854122638703,"w":0.6943289041519165},"size":5.525557518005371,"orthographic":false}