{"cameraMode":{"drawMode":0,"name":"Shaded","section":"Shading Mode"},"sceneLighting":false,"audioPlay":false,"sceneViewState":{"showFog":false,"showMaterialUpdate":false,"showSkybox":false,"showFlares":false,"showImageEffects":false,"showParticleSystems":false},"in2DMode":false,"pivot":{"x":-0.7729588747024536,"y":2.182961940765381,"z":-2.398395299911499},"rotation":{"x":0.23609571158885957,"y":0.7251400947570801,"z":-0.2983751893043518,"w":0.5739992260932922},"size":8.511356353759766,"orthographic":false}