{"cameraMode":{"drawMode":0,"name":"Shaded","section":"Shading Mode"},"sceneLighting":false,"audioPlay":false,"sceneViewState":{"showFog":false,"showMaterialUpdate":false,"showSkybox":false,"showFlares":false,"showImageEffects":false,"showParticleSystems":false},"in2DMode":false,"pivot":{"x":367.77740478515627,"y":11.303023338317871,"z":267.1333312988281},"rotation":{"x":-0.36422282457351687,"y":-0.5899568200111389,"z":0.3374721109867096,"w":-0.6367232203483582},"size":2.9755301475524904,"orthographic":false}