{"cameraMode":{"drawMode":0,"name":"Shaded","section":"Shading Mode"},"sceneLighting":false,"audioPlay":false,"sceneViewState":{"showFog":false,"showMaterialUpdate":false,"showSkybox":false,"showFlares":false,"showImageEffects":false,"showParticleSystems":false},"in2DMode":false,"pivot":{"x":5.54993200302124,"y":0.9665701389312744,"z":-1.8596659898757935},"rotation":{"x":0.42582497000694277,"y":-0.17297784984111787,"z":0.08330199122428894,"w":0.8842114806175232},"size":0.8516412377357483,"orthographic":false}