{"cameraMode":{"drawMode":0,"name":"Shaded","section":"Shading Mode"},"sceneLighting":false,"audioPlay":false,"sceneViewState":{"showFog":false,"showMaterialUpdate":false,"showSkybox":false,"showFlares":false,"showImageEffects":false,"showParticleSystems":false},"in2DMode":false,"pivot":{"x":2.483196258544922,"y":-3.153838634490967,"z":-3.1342663764953615},"rotation":{"x":-0.3170921802520752,"y":-0.5890364050865173,"z":0.26965296268463137,"w":-0.6926689147949219},"size":5.044614315032959,"orthographic":false}