{"cameraMode":{"drawMode":0,"name":"Shaded","section":"Shading Mode"},"sceneLighting":false,"audioPlay":false,"sceneViewState":{"showFog":false,"showMaterialUpdate":false,"showSkybox":false,"showFlares":false,"showImageEffects":false,"showParticleSystems":false},"in2DMode":false,"pivot":{"x":308.927490234375,"y":-10.816123962402344,"z":247.17745971679688},"rotation":{"x":0.1542375534772873,"y":-0.8371809124946594,"z":0.43074217438697817,"w":0.29973816871643069},"size":51.3319091796875,"orthographic":false}