{"cameraMode":{"drawMode":0,"name":"Shaded","section":"Shading Mode"},"sceneLighting":false,"audioPlay":false,"sceneViewState":{"showFog":false,"showMaterialUpdate":false,"showSkybox":false,"showFlares":false,"showImageEffects":false,"showParticleSystems":false},"in2DMode":false,"pivot":{"x":378.52362060546877,"y":12.462057113647461,"z":257.7305908203125},"rotation":{"x":0.16804438829421998,"y":0.8285577297210693,"z":-0.3342188894748688,"w":0.4166242778301239},"size":1.3062379360198975,"orthographic":false}