{"cameraMode":{"drawMode":0,"name":"Shaded","section":"Shading Mode"},"sceneLighting":false,"audioPlay":false,"sceneViewState":{"showFog":false,"showMaterialUpdate":false,"showSkybox":false,"showFlares":false,"showImageEffects":false,"showParticleSystems":false},"in2DMode":false,"pivot":{"x":330.364990234375,"y":11.45888900756836,"z":255.12208557128907},"rotation":{"x":-0.09322339296340943,"y":-0.9061765670776367,"z":0.2737714946269989,"w":-0.3085702359676361},"size":5.0895209312438969,"orthographic":false}