{"cameraMode":{"drawMode":0,"name":"Shaded","section":"Shading Mode"},"sceneLighting":false,"audioPlay":false,"sceneViewState":{"showFog":false,"showMaterialUpdate":false,"showSkybox":false,"showFlares":false,"showImageEffects":false,"showParticleSystems":false},"in2DMode":false,"pivot":{"x":-2.0152809619903566,"y":4.720740795135498,"z":-0.7229760885238648},"rotation":{"x":-0.06676644831895828,"y":0.9182390570640564,"z":-0.17593833804130555,"w":-0.34846031665802},"size":3.305137872695923,"orthographic":false}