{"cameraMode":{"drawMode":0,"name":"Shaded","section":"Shading Mode"},"sceneLighting":false,"audioPlay":false,"sceneViewState":{"showFog":false,"showMaterialUpdate":false,"showSkybox":false,"showFlares":false,"showImageEffects":false,"showParticleSystems":false},"in2DMode":false,"pivot":{"x":51.24612045288086,"y":-81.80857849121094,"z":-134.65374755859376},"rotation":{"x":-0.30033186078071597,"y":-0.09450734406709671,"z":0.02991901896893978,"w":-0.9486755728721619},"size":0.8182598948478699,"orthographic":false}