{"cameraMode":{"drawMode":0,"name":"Shaded","section":"Shading Mode"},"sceneLighting":true,"audioPlay":false,"sceneViewState":{"showFog":false,"showMaterialUpdate":false,"showSkybox":false,"showFlares":false,"showImageEffects":false,"showParticleSystems":false},"in2DMode":false,"pivot":{"x":222.878173828125,"y":-5.7494611740112309,"z":283.62396240234377},"rotation":{"x":0.4704013466835022,"y":-0.02164199762046337,"z":0.011544732376933098,"w":0.8821278810501099},"size":27.436981201171876,"orthographic":false}