{"cameraMode":{"drawMode":0,"name":"Shaded","section":"Shading Mode"},"sceneLighting":false,"audioPlay":false,"sceneViewState":{"showFog":false,"showMaterialUpdate":false,"showSkybox":false,"showFlares":false,"showImageEffects":false,"showParticleSystems":false},"in2DMode":false,"pivot":{"x":309.1688537597656,"y":-55.181610107421878,"z":242.28297424316407},"rotation":{"x":-0.16245752573013307,"y":0.8370378017425537,"z":-0.3532025218009949,"w":-0.3850019872188568},"size":65.2685775756836,"orthographic":false}