{"cameraMode":{"drawMode":0,"name":"Shaded","section":"Shading Mode"},"sceneLighting":false,"audioPlay":false,"sceneViewState":{"showFog":false,"showMaterialUpdate":false,"showSkybox":false,"showFlares":false,"showImageEffects":false,"showParticleSystems":false},"in2DMode":false,"pivot":{"x":342.0012512207031,"y":12.440509796142579,"z":256.29205322265627},"rotation":{"x":-0.36422282457351687,"y":-0.5899568200111389,"z":0.3374721109867096,"w":-0.6367232203483582},"size":1.7579741477966309,"orthographic":false}