{"cameraMode":{"drawMode":0,"name":"Shaded","section":"Shading Mode"},"sceneLighting":false,"audioPlay":false,"sceneViewState":{"showFog":false,"showMaterialUpdate":false,"showSkybox":false,"showFlares":false,"showImageEffects":false,"showParticleSystems":false},"in2DMode":false,"pivot":{"x":274.1533508300781,"y":8.686285018920899,"z":261.39825439453127},"rotation":{"x":0.46506866812705996,"y":0.03823176771402359,"z":-0.020113304257392885,"w":0.8842291831970215},"size":101.50245666503906,"orthographic":false}