{"cameraMode":{"drawMode":0,"name":"Shaded","section":"Shading Mode"},"sceneLighting":true,"audioPlay":false,"sceneViewState":{"showFog":false,"showMaterialUpdate":false,"showSkybox":false,"showFlares":false,"showImageEffects":false,"showParticleSystems":false},"in2DMode":false,"pivot":{"x":335.5820617675781,"y":9.47829818725586,"z":255.5397186279297},"rotation":{"x":0.4768967628479004,"y":-0.3295409381389618,"z":0.19891729950904847,"w":0.7902218699455261},"size":0.8516466617584229,"orthographic":false}