{"cameraMode":{"drawMode":0,"name":"Shaded","section":"Shading Mode"},"sceneLighting":true,"audioPlay":false,"sceneViewState":{"showFog":false,"showMaterialUpdate":false,"showSkybox":false,"showFlares":false,"showImageEffects":false,"showParticleSystems":false},"in2DMode":false,"pivot":{"x":-2.2373199462890627,"y":3.7276721000671388,"z":-0.8735895156860352},"rotation":{"x":0.06009624898433685,"y":-0.31203344464302065,"z":0.019779058173298837,"w":0.9479687809944153},"size":5.518767833709717,"orthographic":false}