{"cameraMode":{"drawMode":0,"name":"Shaded","section":"Shading Mode"},"sceneLighting":false,"audioPlay":false,"sceneViewState":{"showFog":true,"showMaterialUpdate":false,"showSkybox":false,"showFlares":true,"showImageEffects":true,"showParticleSystems":true},"in2DMode":false,"pivot":{"x":1.6391277313232423e-7,"y":0.17093653976917268,"z":0.010209053754806519},"rotation":{"x":0.24264085292816163,"y":0.4657484292984009,"z":-0.13447821140289308,"w":0.8403151035308838},"size":0.9892265200614929,"orthographic":false}