{"cameraMode":{"drawMode":0,"name":"Shaded","section":"Shading Mode"},"sceneLighting":true,"audioPlay":false,"sceneViewState":{"showFog":false,"showMaterialUpdate":false,"showSkybox":false,"showFlares":false,"showImageEffects":false,"showParticleSystems":false},"in2DMode":false,"pivot":{"x":-1.0473761558532715,"y":4.584297180175781,"z":-4.135699272155762},"rotation":{"x":0.07951221615076065,"y":-0.2033746838569641,"z":0.016570178791880609,"w":0.9757339954376221},"size":3.5038561820983888,"orthographic":false}