{"cameraMode":{"drawMode":0,"name":"Shaded","section":"Shading Mode"},"sceneLighting":true,"audioPlay":false,"sceneViewState":{"showFog":true,"showMaterialUpdate":false,"showSkybox":false,"showFlares":true,"showImageEffects":true,"showParticleSystems":true},"in2DMode":false,"pivot":{"x":5.7541327476501469,"y":-3.4156742095947267,"z":-2.1838855743408205},"rotation":{"x":0.13321252167224885,"y":0.8309192657470703,"z":-0.2253950983285904,"w":0.49097779393196108},"size":4.716024398803711,"orthographic":false}