{"cameraMode":{"drawMode":0,"name":"Shaded","section":"Shading Mode"},"sceneLighting":false,"audioPlay":false,"sceneViewState":{"showFog":false,"showMaterialUpdate":false,"showSkybox":false,"showFlares":false,"showImageEffects":false,"showParticleSystems":false},"in2DMode":false,"pivot":{"x":-27.556129455566408,"y":64.3133316040039,"z":128.26710510253907},"rotation":{"x":-0.2292492538690567,"y":-0.005258720368146896,"z":0.0012384807923808694,"w":-0.9733530282974243},"size":2.4300663471221926,"orthographic":false}