{"cameraMode":{"drawMode":0,"name":"Shaded","section":"Shading Mode"},"sceneLighting":false,"audioPlay":false,"sceneViewState":{"showFog":true,"showMaterialUpdate":false,"showSkybox":false,"showFlares":true,"showImageEffects":true,"showParticleSystems":true},"in2DMode":false,"pivot":{"x":0.5372267961502075,"y":6.2853288650512699,"z":-2.7644667625427248},"rotation":{"x":0.13899825513362885,"y":0.6608337163925171,"z":-0.12640301883220673,"w":0.7266432046890259},"size":47.51479721069336,"orthographic":false}