{"cameraMode":{"drawMode":0,"name":"Shaded","section":"Shading Mode"},"sceneLighting":true,"audioPlay":false,"sceneViewState":{"showFog":false,"showMaterialUpdate":false,"showSkybox":false,"showFlares":false,"showImageEffects":false,"showParticleSystems":false},"in2DMode":false,"pivot":{"x":343.6841735839844,"y":112.4398193359375,"z":409.60101318359377},"rotation":{"x":-0.013835453428328038,"y":0.5675311088562012,"z":-0.009545516222715378,"w":-0.8231901526451111},"size":2.086725950241089,"orthographic":false}