{"cameraMode":{"drawMode":0,"name":"Shaded","section":"Shading Mode"},"sceneLighting":true,"audioPlay":false,"sceneViewState":{"showFog":false,"showMaterialUpdate":false,"showSkybox":false,"showFlares":false,"showImageEffects":false,"showParticleSystems":false},"in2DMode":false,"pivot":{"x":330.364990234375,"y":11.45888900756836,"z":272.60498046875},"rotation":{"x":-0.4744979441165924,"y":-0.030354788526892663,"z":0.016333431005477907,"w":-0.8796075582504273},"size":3.2231576442718508,"orthographic":false}