{"cameraMode":{"drawMode":0,"name":"Shaded","section":"Shading Mode"},"sceneLighting":false,"audioPlay":false,"sceneViewState":{"showFog":true,"showMaterialUpdate":false,"showSkybox":false,"showFlares":true,"showImageEffects":true,"showParticleSystems":true},"in2DMode":false,"pivot":{"x":343.0316467285156,"y":15.313232421875,"z":313.10101318359377},"rotation":{"x":-0.05887072905898094,"y":0.7401902675628662,"z":-0.0655246302485466,"w":-0.6666504740715027},"size":0.4856783151626587,"orthographic":false}