{"cameraMode":{"drawMode":0,"name":"Shaded","section":"Shading Mode"},"sceneLighting":false,"audioPlay":false,"sceneViewState":{"showFog":false,"showMaterialUpdate":false,"showSkybox":false,"showFlares":false,"showImageEffects":false,"showParticleSystems":false},"in2DMode":false,"pivot":{"x":392.9468994140625,"y":9.54476547241211,"z":310.55511474609377},"rotation":{"x":0.06254798918962479,"y":-0.9348493814468384,"z":0.20837195217609406,"w":0.28060182929039},"size":3.9506137371063234,"orthographic":false}