{"cameraMode":{"drawMode":0,"name":"Shaded","section":"Shading Mode"},"sceneLighting":false,"audioPlay":false,"sceneViewState":{"showFog":false,"showMaterialUpdate":false,"showSkybox":false,"showFlares":false,"showImageEffects":false,"showParticleSystems":false},"in2DMode":false,"pivot":{"x":-1.6603343486785889,"y":1.72902250289917,"z":1.234632968902588},"rotation":{"x":-0.33389633893966677,"y":0.5335680842399597,"z":-0.24114860594272614,"w":-0.7387186288833618},"size":3.3850290775299074,"orthographic":false}