{"cameraMode":{"drawMode":0,"name":"Shaded","section":"Shading Mode"},"sceneLighting":true,"audioPlay":false,"sceneViewState":{"showFog":false,"showMaterialUpdate":false,"showSkybox":false,"showFlares":false,"showImageEffects":false,"showParticleSystems":false},"in2DMode":false,"pivot":{"x":331.2156066894531,"y":9.294260025024414,"z":241.36062622070313},"rotation":{"x":0.3250393569469452,"y":0.6314137578010559,"z":-0.3298947513103485,"w":0.6220018267631531},"size":4.7454023361206059,"orthographic":false}