{"cameraMode":{"drawMode":0,"name":"Shaded","section":"Shading Mode"},"sceneLighting":false,"audioPlay":false,"sceneViewState":{"showFog":false,"showMaterialUpdate":false,"showSkybox":false,"showFlares":false,"showImageEffects":false,"showParticleSystems":false},"in2DMode":false,"pivot":{"x":371.2752990722656,"y":11.281000137329102,"z":332.74676513671877},"rotation":{"x":0.019428789615631105,"y":-0.9539423584938049,"z":0.06334853172302246,"w":0.29258933663368227},"size":2.2269232273101808,"orthographic":false}