{"cameraMode":{"drawMode":0,"name":"Shaded","section":"Shading Mode"},"sceneLighting":true,"audioPlay":false,"sceneViewState":{"showFog":false,"showMaterialUpdate":false,"showSkybox":false,"showFlares":false,"showImageEffects":false,"showParticleSystems":false},"in2DMode":false,"pivot":{"x":356.2252197265625,"y":35.824951171875,"z":310.121337890625},"rotation":{"x":0.1659558266401291,"y":-0.031048541888594629,"z":0.005225721281021833,"w":0.9856385588645935},"size":0.2420547604560852,"orthographic":false}