{"cameraMode":{"drawMode":0,"name":"Shaded","section":"Shading Mode"},"sceneLighting":false,"audioPlay":false,"sceneViewState":{"showFog":false,"showMaterialUpdate":false,"showSkybox":false,"showFlares":false,"showImageEffects":false,"showParticleSystems":false},"in2DMode":false,"pivot":{"x":0.0035106539726257326,"y":0.8696200847625732,"z":0.018956422805786134},"rotation":{"x":-0.08288875222206116,"y":0.9125771522521973,"z":-0.32673075795173647,"w":-0.23151947557926179},"size":1.0230438709259034,"orthographic":false}