{"cameraMode":{"drawMode":0,"name":"Shaded","section":"Shading Mode"},"sceneLighting":false,"audioPlay":false,"sceneViewState":{"showFog":false,"showMaterialUpdate":false,"showSkybox":false,"showFlares":false,"showImageEffects":false,"showParticleSystems":false},"in2DMode":false,"pivot":{"x":351.0616455078125,"y":8.121448516845704,"z":336.3926696777344},"rotation":{"x":-0.08578702062368393,"y":0.2402382344007492,"z":-0.021313978359103204,"w":-0.9666904807090759},"size":1.86091148853302,"orthographic":true}